{"cameraMode":{"drawMode":0,"name":"Shaded","section":"Shading Mode"},"sceneLighting":true,"audioPlay":false,"sceneViewState":{"showFog":false,"showMaterialUpdate":false,"showSkybox":true,"showFlares":true,"showImageEffects":true,"showParticleSystems":true},"in2DMode":false,"pivot":{"x":974.8643798828125,"y":26.099456787109376,"z":-108.16706848144531},"rotation":{"x":0.1452106535434723,"y":0.7055394053459168,"z":-0.1516232192516327,"w":0.6769660711288452},"size":102.0573501586914,"orthographic":false}