{"cameraMode":{"drawMode":0,"name":"Shaded","section":"Shading Mode"},"sceneLighting":true,"audioPlay":false,"sceneViewState":{"showFog":false,"showMaterialUpdate":false,"showSkybox":true,"showFlares":true,"showImageEffects":true,"showParticleSystems":true},"in2DMode":false,"pivot":{"x":774.3155517578125,"y":51.640525817871097,"z":-2230.42431640625},"rotation":{"x":-0.16586576402187348,"y":0.7879170179367065,"z":-0.5416815876960754,"w":-0.2459600567817688},"size":65.79004669189453,"orthographic":false}