{"cameraMode":{"drawMode":0,"name":"Shaded","section":"Shading Mode"},"sceneLighting":true,"audioPlay":false,"sceneViewState":{"showFog":false,"showMaterialUpdate":false,"showSkybox":true,"showFlares":true,"showImageEffects":true,"showParticleSystems":true},"in2DMode":false,"pivot":{"x":1177.708251953125,"y":-177.8875732421875,"z":-901.9816284179688},"rotation":{"x":-0.28808340430259707,"y":-0.5673331618309021,"z":0.224657341837883,"w":-0.7396789789199829},"size":1377.216552734375,"orthographic":false}