{"cameraMode":{"drawMode":0,"name":"Shaded","section":"Shading Mode"},"sceneLighting":true,"audioPlay":false,"sceneViewState":{"showFog":false,"showMaterialUpdate":false,"showSkybox":true,"showFlares":true,"showImageEffects":true,"showParticleSystems":true},"in2DMode":false,"pivot":{"x":617.1358642578125,"y":-6.766252517700195,"z":387.0940246582031},"rotation":{"x":0.34051886200904848,"y":-0.14722582697868348,"z":0.04266377165913582,"w":0.9287518262863159},"size":21.86568832397461,"orthographic":false}