{"cameraMode":{"drawMode":0,"name":"Shaded","section":"Shading Mode"},"sceneLighting":true,"audioPlay":false,"sceneViewState":{"showFog":false,"showMaterialUpdate":false,"showSkybox":true,"showFlares":true,"showImageEffects":true,"showParticleSystems":true},"in2DMode":false,"pivot":{"x":751.6864624023438,"y":-126.53291320800781,"z":618.9083862304688},"rotation":{"x":0.31181472539901736,"y":-0.0022342165466398,"z":-0.010380350053310395,"w":0.9511494636535645},"size":240.4156951904297,"orthographic":false}