{"cameraMode":{"drawMode":0,"name":"Shaded","section":"Shading Mode"},"sceneLighting":true,"audioPlay":false,"sceneViewState":{"showFog":true,"showMaterialUpdate":true,"showSkybox":true,"showFlares":true,"showImageEffects":true,"showParticleSystems":true},"in2DMode":false,"pivot":{"x":43.37744140625,"y":-6.90887451171875,"z":-10.080865859985352},"rotation":{"x":0.18022939562797547,"y":0.676421582698822,"z":-0.1916174292564392,"w":0.6905703544616699},"size":59.66549301147461,"orthographic":false}